{"autoencoding_depth_euclidean": [0.017513871766270228, 0.0026738220171583227], "autoencoding_jigsaw": [0.09785688348682042, -0.04764839293964651], "autoencoding_reshading": [0.012032931999446161, 0.006804287572218293]}