{"autoencoding_depth_euclidean": -0.27074941118719126, "autoencoding_jigsaw": -0.35109242290774145, "autoencoding_reshading": -0.26526847142036714}