{"autoencoding_depth_euclidean": 1.0099741346291042, "autoencoding_jigsaw": 0.8805028453423157, "autoencoding_reshading": 1.0263258431822642}