{"autoencoding_depth_euclidean": -0.2505617174037627, "autoencoding_jigsaw": -0.30088393236056754, "autoencoding_reshading": -0.24643125184870274}