{"autoencoding": -0.25323553942092103, "depth_euclidean": -0.26807558917003294, "jigsaw": -0.39874081584738796, "reshading": -0.2584641838481489, "edge_occlusion": -0.29464452869789587}